as_of_date,security_id,close_price,price_currency
2023-07-31,EQ001,109.74,EUR
2023-08-31,EQ001,108.6345,EUR
2023-09-30,EQ001,112.1248,EUR
2023-10-31,EQ001,111.179,EUR
2023-11-30,EQ001,109.6971,EUR
2023-12-31,EQ001,104.5248,EUR
2024-01-31,EQ001,103.7167,EUR
2024-02-29,EQ001,110.4744,EUR
2024-03-31,EQ001,113.4934,EUR
2024-04-30,EQ001,120.4197,EUR
2024-05-31,EQ001,122.5499,EUR
2024-06-30,EQ001,125.701,EUR
2024-07-31,EQ001,127.485,EUR
2024-08-31,EQ001,116.3131,EUR
2024-09-30,EQ001,122.2496,EUR
2024-10-31,EQ001,126.1434,EUR
2024-11-30,EQ001,130.1087,EUR
2024-12-31,EQ001,118.5258,EUR
2025-01-31,EQ001,107.6316,EUR
2025-02-28,EQ001,102.7958,EUR
2025-03-31,EQ001,100.56,EUR
2025-04-30,EQ001,102.6516,EUR
2025-05-31,EQ001,102.803,EUR
2025-06-30,EQ001,106.1599,EUR
2025-07-31,EQ001,102.8346,EUR
2025-08-31,EQ001,104.992,EUR
2025-09-30,EQ001,107.688,EUR
2025-10-31,EQ001,104.2029,EUR
2025-11-30,EQ001,114.4632,EUR
2025-12-31,EQ001,118.4252,EUR
2026-01-31,EQ001,126.6954,EUR
2026-02-28,EQ001,122.8796,EUR
2026-03-31,EQ001,118.3732,EUR
2026-04-30,EQ001,116.6067,EUR
2026-05-31,EQ001,116.3906,EUR
2026-06-30,EQ001,120.9024,EUR
2023-07-31,EQ002,63.37,JPY
2023-08-31,EQ002,64.4893,JPY
2023-09-30,EQ002,63.1606,JPY
2023-10-31,EQ002,60.0891,JPY
2023-11-30,EQ002,58.6089,JPY
2023-12-31,EQ002,62.779,JPY
2024-01-31,EQ002,60.2404,JPY
2024-02-29,EQ002,61.2923,JPY
2024-03-31,EQ002,62.9753,JPY
2024-04-30,EQ002,58.0672,JPY
2024-05-31,EQ002,58.4543,JPY
2024-06-30,EQ002,62.8877,JPY
2024-07-31,EQ002,56.1719,JPY
2024-08-31,EQ002,55.4031,JPY
2024-09-30,EQ002,55.3012,JPY
2024-10-31,EQ002,53.0367,JPY
2024-11-30,EQ002,54.6997,JPY
2024-12-31,EQ002,54.7312,JPY
2025-01-31,EQ002,50.5412,JPY
2025-02-28,EQ002,53.0445,JPY
2025-03-31,EQ002,55.2095,JPY
2025-04-30,EQ002,58.3024,JPY
2025-05-31,EQ002,63.1551,JPY
2025-06-30,EQ002,64.6659,JPY
2025-07-31,EQ002,65.3488,JPY
2025-08-31,EQ002,60.9408,JPY
2025-09-30,EQ002,63.2473,JPY
2025-10-31,EQ002,61.3723,JPY
2025-11-30,EQ002,60.0897,JPY
2025-12-31,EQ002,56.15,JPY
2026-01-31,EQ002,53.3864,JPY
2026-02-28,EQ002,52.0404,JPY
2026-03-31,EQ002,55.9375,JPY
2026-04-30,EQ002,49.9103,JPY
2026-05-31,EQ002,46.1085,JPY
2026-06-30,EQ002,46.8999,JPY
2023-07-31,EQ003,155.83,USD
2023-08-31,EQ003,168.8238,USD
2023-09-30,EQ003,174.8706,USD
2023-10-31,EQ003,157.2966,USD
2023-11-30,EQ003,136.1398,USD
2023-12-31,EQ003,139.3604,USD
2024-01-31,EQ003,134.2745,USD
2024-02-29,EQ003,126.5419,USD
2024-03-31,EQ003,133.8504,USD
2024-04-30,EQ003,142.4969,USD
2024-05-31,EQ003,144.2993,USD
2024-06-30,EQ003,146.8271,USD
2024-07-31,EQ003,150.9221,USD
2024-08-31,EQ003,164.7572,USD
2024-09-30,EQ003,171.0256,USD
2024-10-31,EQ003,176.5883,USD
2024-11-30,EQ003,182.6145,USD
2024-12-31,EQ003,167.5932,USD
2025-01-31,EQ003,180.0781,USD
2025-02-28,EQ003,190.258,USD
2025-03-31,EQ003,196.5611,USD
2025-04-30,EQ003,176.0081,USD
2025-05-31,EQ003,170.5778,USD
2025-06-30,EQ003,179.1624,USD
2025-07-31,EQ003,162.0315,USD
2025-08-31,EQ003,161.0397,USD
2025-09-30,EQ003,170.714,USD
2025-10-31,EQ003,159.0857,USD
2025-11-30,EQ003,173.81,USD
2025-12-31,EQ003,179.7818,USD
2026-01-31,EQ003,179.0164,USD
2026-02-28,EQ003,182.931,USD
2026-03-31,EQ003,190.2008,USD
2026-04-30,EQ003,192.2211,USD
2026-05-31,EQ003,205.1021,USD
2026-06-30,EQ003,198.4598,USD
2023-07-31,EQ004,150.88,EUR
2023-08-31,EQ004,148.0419,EUR
2023-09-30,EQ004,157.1158,EUR
2023-10-31,EQ004,157.9758,EUR
2023-11-30,EQ004,150.9576,EUR
2023-12-31,EQ004,159.4196,EUR
2024-01-31,EQ004,172.9068,EUR
2024-02-29,EQ004,169.3682,EUR
2024-03-31,EQ004,157.1907,EUR
2024-04-30,EQ004,156.6545,EUR
2024-05-31,EQ004,-5.0,EUR
2024-06-30,EQ004,154.0644,EUR
2024-07-31,EQ004,166.584,EUR
2024-08-31,EQ004,157.8414,EUR
2024-09-30,EQ004,169.4163,EUR
2024-10-31,EQ004,158.2759,EUR
2024-11-30,EQ004,152.0577,EUR
2024-12-31,EQ004,157.9474,EUR
2025-01-31,EQ004,168.3843,EUR
2025-02-28,EQ004,177.0131,EUR
2025-03-31,EQ004,181.0822,EUR
2025-04-30,EQ004,183.2243,EUR
2025-05-31,EQ004,185.4938,EUR
2025-06-30,EQ004,192.1049,EUR
2025-07-31,EQ004,191.0117,EUR
2025-08-31,EQ004,194.6904,EUR
2025-09-30,EQ004,201.6019,EUR
2025-10-31,EQ004,202.4176,EUR
2025-11-30,EQ004,211.7327,EUR
2025-12-31,EQ004,219.1694,EUR
2026-01-31,EQ004,244.2829,EUR
2026-02-28,EQ004,249.6258,EUR
2026-03-31,EQ004,244.7537,EUR
2026-04-30,EQ004,240.7176,EUR
2026-05-31,EQ004,241.507,EUR
2026-06-30,EQ004,254.7435,EUR
2023-07-31,EQ005,96.06,JPY
2023-08-31,EQ005,94.6661,JPY
2023-09-30,EQ005,97.0536,JPY
2023-10-31,EQ005,107.2492,JPY
2023-11-30,EQ005,92.5499,JPY
2023-12-31,EQ005,87.1992,JPY
2024-01-31,EQ005,88.7177,JPY
2024-02-29,EQ005,91.0162,JPY
2024-03-31,EQ005,92.5745,JPY
2024-04-30,EQ005,90.7496,JPY
2024-05-31,EQ005,94.3826,JPY
2024-06-30,EQ005,96.2247,JPY
2024-07-31,EQ005,93.8467,JPY
2024-08-31,EQ005,106.7649,JPY
2024-09-30,EQ005,109.2774,JPY
2024-10-31,EQ005,106.3834,JPY
2024-11-30,EQ005,106.2271,JPY
2024-12-31,EQ005,105.3339,JPY
2025-01-31,EQ005,105.3918,JPY
2025-02-28,EQ005,89.9999,JPY
2025-03-31,EQ005,87.9497,JPY
2025-04-30,EQ005,93.1802,JPY
2025-05-31,EQ005,87.5642,JPY
2025-06-30,EQ005,87.5932,JPY
2025-07-31,EQ005,92.5372,JPY
2025-08-31,EQ005,97.2649,JPY
2025-09-30,EQ005,105.6304,JPY
2025-10-31,EQ005,96.1683,JPY
2025-11-30,EQ005,94.6839,JPY
2025-12-31,EQ005,93.2871,JPY
2026-01-31,EQ005,96.8582,JPY
2026-02-28,EQ005,103.0618,JPY
2026-03-31,EQ005,88.2667,JPY
2026-04-30,EQ005,93.9049,JPY
2026-05-31,EQ005,86.8043,JPY
2026-06-30,EQ005,90.4131,JPY
2023-07-31,EQ006,119.62,USD
2023-08-31,EQ006,110.2816,USD
2023-09-30,EQ006,111.7893,USD
2023-10-31,EQ006,119.5817,USD
2023-11-30,EQ006,119.0779,USD
2023-12-31,EQ006,120.8059,USD
2024-01-31,EQ006,126.5854,USD
2024-02-29,EQ006,128.0761,USD
2024-03-31,EQ006,127.9651,USD
2024-04-30,EQ006,139.2681,USD
2024-05-31,EQ006,147.8562,USD
2024-06-30,EQ006,146.0583,USD
2024-07-31,EQ006,168.6963,USD
2024-08-31,EQ006,158.7304,USD
2024-09-30,EQ006,167.35,USD
2024-10-31,EQ006,165.5737,USD
2024-11-30,EQ006,167.4414,USD
2024-12-31,EQ006,174.6037,USD
2025-01-31,EQ006,177.4362,USD
2025-02-28,EQ006,184.3785,USD
2025-03-31,EQ006,169.6277,USD
2025-04-30,EQ006,156.2232,USD
2025-05-31,EQ006,162.1318,USD
2025-06-30,EQ006,154.1916,USD
2025-07-31,EQ006,146.1018,USD
2025-08-31,EQ006,134.8728,USD
2025-09-30,EQ006,144.8063,USD
2025-10-31,EQ006,151.3314,USD
2025-11-30,EQ006,164.1974,USD
2025-12-31,EQ006,156.3856,USD
2026-01-31,EQ006,157.0198,USD
2026-02-28,EQ006,147.8001,USD
2026-03-31,EQ006,154.6185,USD
2026-04-30,EQ006,168.7534,USD
2026-05-31,EQ006,161.1659,USD
2026-06-30,EQ006,175.6415,USD
2023-07-31,EQ007,65.74,EUR
2023-08-31,EQ007,69.5754,EUR
2023-09-30,EQ007,69.1732,EUR
2023-10-31,EQ007,61.9475,EUR
2023-11-30,EQ007,66.9878,EUR
2023-12-31,EQ007,66.9011,EUR
2024-01-31,EQ007,64.9505,EUR
2024-02-29,EQ007,66.6378,EUR
2024-03-31,EQ007,68.4069,EUR
2024-04-30,EQ007,74.317,EUR
2024-05-31,EQ007,70.4445,EUR
2024-06-30,EQ007,75.1285,EUR
2024-07-31,EQ007,81.5749,EUR
2024-08-31,EQ007,88.4169,EUR
2024-09-30,EQ007,87.8922,EUR
2024-10-31,EQ007,84.647,EUR
2024-11-30,EQ007,89.7277,EUR
2024-12-31,EQ007,90.655,EUR
2025-01-31,EQ007,91.6369,EUR
2025-02-28,EQ007,99.1815,EUR
2025-03-31,EQ007,98.1412,EUR
2025-04-30,EQ007,86.1366,EUR
2025-05-31,EQ007,84.6468,EUR
2025-06-30,EQ007,76.3543,EUR
2025-07-31,EQ007,80.0982,EUR
2025-08-31,EQ007,81.8152,EUR
2025-09-30,EQ007,79.3922,EUR
2025-10-31,EQ007,79.6678,EUR
2025-11-30,EQ007,83.6348,EUR
2025-12-31,EQ007,84.3325,EUR
2026-01-31,EQ007,90.8226,EUR
2026-02-28,EQ007,90.8798,EUR
2026-03-31,EQ007,96.4433,EUR
2026-04-30,EQ007,104.7405,EUR
2026-05-31,EQ007,114.4336,EUR
2026-06-30,EQ007,110.663,EUR
2023-07-31,EQ008,66.6,JPY
2023-08-31,EQ008,70.0895,JPY
2023-09-30,EQ008,63.138,JPY
2023-10-31,EQ008,59.6286,JPY
2023-11-30,EQ008,53.43,JPY
2023-12-31,EQ008,56.785,JPY
2024-01-31,EQ008,53.1646,JPY
2024-02-29,EQ008,53.34,JPY
2024-03-31,EQ008,52.9894,JPY
2024-04-30,EQ008,53.118,JPY
2024-05-31,EQ008,51.6024,JPY
2024-06-30,EQ008,52.472,JPY
2024-07-31,EQ008,57.8514,JPY
2024-08-31,EQ008,58.2236,JPY
2024-09-30,EQ008,60.1569,JPY
2024-10-31,EQ008,63.7079,JPY
2024-11-30,EQ008,63.2691,JPY
2024-12-31,EQ008,59.1387,JPY
2025-01-31,EQ008,57.5688,JPY
2025-02-28,EQ008,61.1983,JPY
2025-03-31,EQ008,55.9021,JPY
2025-04-30,EQ008,54.2876,JPY
2025-05-31,EQ008,57.5127,JPY
2025-06-30,EQ008,60.2503,JPY
2025-07-31,EQ008,60.5165,JPY
2025-08-31,EQ008,63.4387,JPY
2025-09-30,EQ008,64.2716,JPY
2025-10-31,EQ008,60.3613,JPY
2025-11-30,EQ008,55.4107,JPY
2025-12-31,EQ008,53.6851,JPY
2026-01-31,EQ008,56.6243,JPY
2026-02-28,EQ008,55.0895,JPY
2026-03-31,EQ008,52.5758,JPY
2026-04-30,EQ008,50.5567,JPY
2026-05-31,EQ008,46.4997,JPY
2026-06-30,EQ008,46.3858,JPY
2023-07-31,EQ009,74.62,USD
2023-08-31,EQ009,70.0773,USD
2023-09-30,EQ009,71.7611,USD
2023-10-31,EQ009,62.7331,USD
2023-11-30,EQ009,64.115,USD
2023-12-31,EQ009,62.109,USD
2024-01-31,EQ009,55.723,USD
2024-02-29,EQ009,58.167,USD
2024-03-31,EQ009,57.5183,USD
2024-04-30,EQ009,50.6936,USD
2024-05-31,EQ009,48.4566,USD
2024-06-30,EQ009,49.426,USD
2024-07-31,EQ009,48.3771,USD
2024-08-31,EQ009,50.6459,USD
2024-09-30,EQ009,52.9309,USD
2024-10-31,EQ009,55.0821,USD
2024-11-30,EQ009,56.292,USD
2024-12-31,EQ009,60.6463,USD
2025-01-31,EQ009,63.0898,USD
2025-02-28,EQ009,64.9079,USD
2025-03-31,EQ009,57.7279,USD
2025-04-30,EQ009,60.8054,USD
2025-05-31,EQ009,65.4277,USD
2025-06-30,EQ009,64.621,USD
2025-07-31,EQ009,63.2108,USD
2025-08-31,EQ009,70.2093,USD
2025-09-30,EQ009,63.7011,USD
2025-10-31,EQ009,65.5985,USD
2025-11-30,EQ009,74.6055,USD
2025-12-31,EQ009,71.0977,USD
2026-01-31,EQ009,74.0786,USD
2026-02-28,EQ009,82.0607,USD
2026-03-31,EQ009,81.8464,USD
2026-04-30,EQ009,84.7,USD
2026-05-31,EQ009,89.2434,USD
2026-06-30,EQ009,85.1546,USD
2023-07-31,EQ010,123.09,EUR
2023-08-31,EQ010,122.9792,EUR
2023-09-30,EQ010,125.4516,EUR
2023-10-31,EQ010,131.6484,EUR
2023-11-30,EQ010,131.9249,EUR
2023-12-31,EQ010,131.0353,EUR
2024-01-31,EQ010,124.2366,EUR
2024-02-29,EQ010,122.2807,EUR
2024-03-31,EQ010,128.7667,EUR
2024-04-30,EQ010,130.0023,EUR
2024-05-31,EQ010,124.4231,EUR
2024-06-30,EQ010,119.1614,EUR
2024-07-31,EQ010,137.1152,EUR
2024-08-31,EQ010,146.26,EUR
2024-09-30,EQ010,151.9724,EUR
2024-10-31,EQ010,130.9074,EUR
2024-11-30,EQ010,135.9057,EUR
2024-12-31,EQ010,140.0424,EUR
2025-01-31,EQ010,153.574,EUR
2025-02-28,EQ010,157.8014,EUR
2025-03-31,EQ010,157.8469,EUR
2025-04-30,EQ010,163.0139,EUR
2025-05-31,EQ010,146.2347,EUR
2025-06-30,EQ010,155.13,EUR
2025-07-31,EQ010,158.5225,EUR
2025-08-31,EQ010,153.0354,EUR
2025-09-30,EQ010,164.8048,EUR
2025-10-31,EQ010,181.8643,EUR
2025-11-30,EQ010,168.5642,EUR
2025-12-31,EQ010,163.0609,EUR
2026-01-31,EQ010,166.3253,EUR
2026-02-28,EQ010,168.6689,EUR
2026-03-31,EQ010,165.647,EUR
2026-04-30,EQ010,157.4339,EUR
2026-05-31,EQ010,176.4245,EUR
2026-06-30,EQ010,187.1963,EUR
2023-07-31,EQ011,65.49,JPY
2023-08-31,EQ011,61.4504,JPY
2023-09-30,EQ011,57.1504,JPY
2023-10-31,EQ011,62.7324,JPY
2023-11-30,EQ011,66.3962,JPY
2023-12-31,EQ011,73.3115,JPY
2024-01-31,EQ011,76.8714,JPY
2024-02-29,EQ011,73.4918,JPY
2024-03-31,EQ011,74.8394,JPY
2024-04-30,EQ011,66.2476,JPY
2024-05-31,EQ011,63.7867,JPY
2024-06-30,EQ011,63.8352,JPY
2024-07-31,EQ011,65.9259,JPY
2024-08-31,EQ011,63.5515,JPY
2024-09-30,EQ011,63.3715,JPY
2024-10-31,EQ011,65.2233,JPY
2024-11-30,EQ011,66.8355,JPY
2024-12-31,EQ011,69.448,JPY
2025-01-31,EQ011,70.5241,JPY
2025-02-28,EQ011,69.5497,JPY
2025-03-31,EQ011,72.8466,JPY
2025-04-30,EQ011,73.3357,JPY
2025-05-31,EQ011,70.297,JPY
2025-06-30,EQ011,68.1582,JPY
2025-07-31,EQ011,68.4295,JPY
2025-08-31,EQ011,68.2907,JPY
2025-09-30,EQ011,69.1536,JPY
2025-10-31,EQ011,69.4283,JPY
2025-11-30,EQ011,70.3776,JPY
2025-12-31,EQ011,70.1393,JPY
2026-01-31,EQ011,65.5652,JPY
2026-02-28,EQ011,67.3469,JPY
2026-03-31,EQ011,71.5193,JPY
2026-04-30,EQ011,73.515,JPY
2026-05-31,EQ011,73.0439,JPY
2026-06-30,EQ011,75.1296,JPY
2023-07-31,EQ012,156.53,USD
2023-08-31,EQ012,148.8423,USD
2023-09-30,EQ012,133.9151,USD
2023-10-31,EQ012,134.8895,USD
2023-11-30,EQ012,128.5258,USD
2023-12-31,EQ012,134.2699,USD
2024-01-31,EQ012,126.8011,USD
2024-02-29,EQ012,108.9769,USD
2024-03-31,EQ012,103.1822,USD
2024-04-30,EQ012,112.5507,USD
2024-05-31,EQ012,110.6374,USD
2024-06-30,EQ012,102.747,USD
2024-07-31,EQ012,98.8442,USD
2024-08-31,EQ012,102.0714,USD
2024-09-30,EQ012,105.269,USD
2024-10-31,EQ012,106.7133,USD
2024-11-30,EQ012,115.8493,USD
2024-12-31,EQ012,120.8144,USD
2025-01-31,EQ012,121.1582,USD
2025-02-28,EQ012,125.6189,USD
2025-03-31,EQ012,137.5529,USD
2025-04-30,EQ012,145.4515,USD
2025-05-31,EQ012,154.2232,USD
2025-06-30,EQ012,145.6551,USD
2025-07-31,EQ012,145.0486,USD
2025-08-31,EQ012,151.4513,USD
2025-09-30,EQ012,149.5878,USD
2025-10-31,EQ012,158.98,USD
2025-11-30,EQ012,164.8303,USD
2025-12-31,EQ012,173.7235,USD
2026-01-31,EQ012,172.3893,USD
2026-02-28,EQ012,197.2221,USD
2026-03-31,EQ012,211.4617,USD
2026-04-30,EQ012,209.802,USD
2026-05-31,EQ012,211.6866,USD
2026-06-30,EQ012,242.7486,USD
2023-07-31,EQ013,48.44,EUR
2023-08-31,EQ013,47.7193,EUR
2023-09-30,EQ013,50.2044,EUR
2023-10-31,EQ013,53.1125,EUR
2023-11-30,EQ013,53.3442,EUR
2023-12-31,EQ013,50.1333,EUR
2024-01-31,EQ013,50.8509,EUR
2024-02-29,EQ013,52.0594,EUR
2024-03-31,EQ013,55.5022,EUR
2024-04-30,EQ013,58.1141,EUR
2024-05-31,EQ013,58.4244,EUR
2024-06-30,EQ013,61.401,EUR
2024-07-31,EQ013,63.4697,EUR
2024-08-31,EQ013,64.4428,EUR
2024-09-30,EQ013,64.8962,EUR
2024-10-31,EQ013,64.2872,EUR
2024-11-30,EQ013,66.9705,EUR
2024-12-31,EQ013,63.3553,EUR
2025-01-31,EQ013,61.4181,EUR
2025-02-28,EQ013,61.6805,EUR
2025-03-31,EQ013,56.9609,EUR
2025-04-30,EQ013,55.8231,EUR
2025-05-31,EQ013,49.8788,EUR
2025-06-30,EQ013,48.2049,EUR
2025-07-31,EQ013,49.9048,EUR
2025-08-31,EQ013,51.659,EUR
2025-09-30,EQ013,51.7108,EUR
2025-10-31,EQ013,51.2575,EUR
2025-11-30,EQ013,47.4682,EUR
2025-12-31,EQ013,52.4301,EUR
2026-01-31,EQ013,54.1277,EUR
2026-02-28,EQ013,57.5994,EUR
2026-03-31,EQ013,55.0346,EUR
2026-04-30,EQ013,54.6941,EUR
2026-05-31,EQ013,49.4394,EUR
2026-06-30,EQ013,51.7595,EUR
2023-07-31,EQ014,63.19,JPY
2023-08-31,EQ014,66.6928,JPY
2023-09-30,EQ014,59.9997,JPY
2023-10-31,EQ014,60.0677,JPY
2023-11-30,EQ014,62.3904,JPY
2023-12-31,EQ014,56.5936,JPY
2024-01-31,EQ014,51.138,JPY
2024-02-29,EQ014,48.3469,JPY
2024-03-31,EQ014,46.8671,JPY
2024-04-30,EQ014,43.4385,JPY
2024-05-31,EQ014,43.6878,JPY
2024-06-30,EQ014,44.4623,JPY
2024-07-31,EQ014,46.1906,JPY
2024-08-31,EQ014,48.1588,JPY
2024-09-30,EQ014,52.3316,JPY
2024-10-31,EQ014,55.8921,JPY
2024-11-30,EQ014,52.0828,JPY
2024-12-31,EQ014,50.8434,JPY
2025-01-31,EQ014,48.0822,JPY
2025-02-28,EQ014,45.4274,JPY
2025-03-31,EQ014,45.4059,JPY
2025-04-30,EQ014,45.6012,JPY
2025-05-31,EQ014,47.0135,JPY
2025-06-30,EQ014,43.0982,JPY
2025-07-31,EQ014,40.3369,JPY
2025-08-31,EQ014,40.447,JPY
2025-09-30,EQ014,40.165,JPY
2025-10-31,EQ014,39.6381,JPY
2025-11-30,EQ014,39.6588,JPY
2025-12-31,EQ014,38.1603,JPY
2026-01-31,EQ014,39.7848,JPY
2026-02-28,EQ014,40.7191,JPY
2026-03-31,EQ014,40.6854,JPY
2026-04-30,EQ014,39.3443,JPY
2026-05-31,EQ014,39.1248,JPY
2026-06-30,EQ014,33.4248,JPY
2023-07-31,EQ015,50.66,USD
2023-08-31,EQ015,48.1284,USD
2023-09-30,EQ015,48.4198,USD
2023-10-31,EQ015,44.6079,USD
2023-11-30,EQ015,45.2759,USD
2023-12-31,EQ015,45.8241,USD
2024-01-31,EQ015,42.5356,USD
2024-02-29,EQ015,42.1195,USD
2024-03-31,EQ015,41.561,USD
2024-04-30,EQ015,42.7785,USD
2024-05-31,EQ015,44.3892,USD
2024-06-30,EQ015,44.4782,USD
2024-07-31,EQ015,42.5736,USD
2024-08-31,EQ015,42.4061,USD
2024-09-30,EQ015,42.4231,USD
2024-10-31,EQ015,44.3065,USD
2024-11-30,EQ015,45.2009,USD
2024-12-31,EQ015,43.5854,USD
2025-01-31,EQ015,40.513,USD
2025-02-28,EQ015,39.8437,USD
2025-03-31,EQ015,38.3805,USD
2025-04-30,EQ015,36.187,USD
2025-05-31,EQ015,36.1009,USD
2025-06-30,EQ015,35.2703,USD
2025-07-31,EQ015,35.6159,USD
2025-08-31,EQ015,36.7835,USD
2025-09-30,EQ015,36.0951,USD
2025-10-31,EQ015,40.8537,USD
2025-11-30,EQ015,40.2948,USD
2025-12-31,EQ015,42.8976,USD
2026-01-31,EQ015,43.3562,USD
2026-02-28,EQ015,46.1912,USD
2026-03-31,EQ015,40.3399,USD
2026-04-30,EQ015,38.834,USD
2026-05-31,EQ015,39.5169,USD
2026-06-30,EQ015,40.9844,USD
2023-07-31,EQ016,132.39,EUR
2023-08-31,EQ016,149.9329,EUR
2023-09-30,EQ016,153.1923,EUR
2023-10-31,EQ016,164.5885,EUR
2023-11-30,EQ016,172.185,EUR
2023-12-31,EQ016,181.8455,EUR
2024-01-31,EQ016,187.6743,EUR
2024-02-29,EQ016,186.814,EUR
2024-03-31,EQ016,192.7924,EUR
2024-04-30,EQ016,182.1315,EUR
2024-05-31,EQ016,194.694,EUR
2024-06-30,EQ016,184.5805,EUR
2024-07-31,EQ016,187.8487,EUR
2024-08-31,EQ016,210.5113,EUR
2024-09-30,EQ016,208.7666,EUR
2024-10-31,EQ016,209.8256,EUR
2024-11-30,EQ016,224.0869,EUR
2024-12-31,EQ016,225.3067,EUR
2025-01-31,EQ016,216.1997,EUR
2025-02-28,EQ016,220.1343,EUR
2025-03-31,EQ016,228.0628,EUR
2025-04-30,EQ016,237.8818,EUR
2025-05-31,EQ016,228.7262,EUR
2025-06-30,EQ016,251.6875,EUR
2025-07-31,EQ016,275.7671,EUR
2025-08-31,EQ016,277.1468,EUR
2025-09-30,EQ016,282.3495,EUR
2025-10-31,EQ016,276.8245,EUR
2025-11-30,EQ016,299.4624,EUR
2025-12-31,EQ016,289.0495,EUR
2026-01-31,EQ016,300.9223,EUR
2026-02-28,EQ016,294.1867,EUR
2026-03-31,EQ016,284.1343,EUR
2026-04-30,EQ016,296.5016,EUR
2026-05-31,EQ016,319.4391,EUR
2026-06-30,EQ016,320.539,EUR
2023-07-31,EQ017,83.98,JPY
2023-08-31,EQ017,81.1869,JPY
2023-09-30,EQ017,85.1352,JPY
2023-10-31,EQ017,85.2439,JPY
2023-11-30,EQ017,87.0412,JPY
2023-12-31,EQ017,94.6798,JPY
2024-01-31,EQ017,100.9513,JPY
2024-02-29,EQ017,98.4688,JPY
2024-03-31,EQ017,111.2301,JPY
2024-04-30,EQ017,111.6954,JPY
2024-05-31,EQ017,116.9705,JPY
2024-06-30,EQ017,113.2737,JPY
2024-07-31,EQ017,113.4485,JPY
2024-08-31,EQ017,102.983,JPY
2024-09-30,EQ017,113.5147,JPY
2024-10-31,EQ017,122.4956,JPY
2024-11-30,EQ017,114.7978,JPY
2024-12-31,EQ017,105.7533,JPY
2025-01-31,EQ017,96.7476,JPY
2025-02-28,EQ017,103.3909,JPY
2025-03-31,EQ017,101.1912,JPY
2025-04-30,EQ017,101.2591,JPY
2025-05-31,EQ017,99.9223,JPY
2025-06-30,EQ017,99.6561,JPY
2025-07-31,EQ017,94.0904,JPY
2025-08-31,EQ017,94.5915,JPY
2025-09-30,EQ017,87.4886,JPY
2025-10-31,EQ017,87.4946,JPY
2025-11-30,EQ017,89.3304,JPY
2025-12-31,EQ017,91.9851,JPY
2026-01-31,EQ017,91.1808,JPY
2026-02-28,EQ017,87.0134,JPY
2026-03-31,EQ017,88.1251,JPY
2026-04-30,EQ017,86.1286,JPY
2026-05-31,EQ017,93.8906,JPY
2026-06-30,EQ017,98.2307,JPY
2023-07-31,EQ018,96.6,USD
2023-08-31,EQ018,96.3744,USD
2023-09-30,EQ018,94.2625,USD
2023-10-31,EQ018,90.9966,USD
2023-11-30,EQ018,86.6699,USD
2023-12-31,EQ018,85.3341,USD
2024-01-31,EQ018,87.0589,USD
2024-02-29,EQ018,89.8756,USD
2024-03-31,EQ018,93.0471,USD
2024-04-30,EQ018,104.1595,USD
2024-05-31,EQ018,100.5382,USD
2024-06-30,EQ018,101.0119,USD
2024-07-31,EQ018,116.9419,USD
2024-08-31,EQ018,105.4011,USD
2024-09-30,EQ018,102.7996,USD
2024-10-31,EQ018,104.1696,USD
2024-11-30,EQ018,105.4709,USD
2024-12-31,EQ018,108.2588,USD
2025-01-31,EQ018,107.2705,USD
2025-02-28,EQ018,109.8596,USD
2025-03-31,EQ018,110.618,USD
2025-04-30,EQ018,115.7534,USD
2025-05-31,EQ018,104.1673,USD
2025-06-30,EQ018,99.5134,USD
2025-07-31,EQ018,99.8993,USD
2025-08-31,EQ018,94.6295,USD
2025-09-30,EQ018,89.5709,USD
2025-10-31,EQ018,93.0217,USD
2025-11-30,EQ018,90.0684,USD
2025-12-31,EQ018,93.5739,USD
2026-01-31,EQ018,97.7864,USD
2026-02-28,EQ018,99.8259,USD
2026-03-31,EQ018,103.0147,USD
2026-04-30,EQ018,102.8341,USD
2026-05-31,EQ018,95.2757,USD
2026-06-30,EQ018,95.4992,USD
2023-07-31,EQ019,79.12,EUR
2023-08-31,EQ019,81.4131,EUR
2023-09-30,EQ019,79.3683,EUR
2023-10-31,EQ019,79.2512,EUR
2023-11-30,EQ019,82.834,EUR
2023-12-31,EQ019,79.1648,EUR
2024-01-31,EQ019,82.2682,EUR
2024-02-29,EQ019,91.025,EUR
2024-03-31,EQ019,88.6127,EUR
2024-04-30,EQ019,89.6813,EUR
2024-05-31,EQ019,89.2979,EUR
2024-06-30,EQ019,97.2197,EUR
2024-07-31,EQ019,99.3003,EUR
2024-08-31,EQ019,104.6005,EUR
2024-09-30,EQ019,101.0488,EUR
2024-10-31,EQ019,101.3633,EUR
2024-11-30,EQ019,101.7139,EUR
2024-12-31,EQ019,92.1857,EUR
2025-01-31,EQ019,99.8597,EUR
2025-02-28,EQ019,105.1989,EUR
2025-03-31,EQ019,95.4993,EUR
2025-04-30,EQ019,99.791,EUR
2025-05-31,EQ019,99.4703,EUR
2025-06-30,EQ019,102.3214,EUR
2025-07-31,EQ019,104.793,EUR
2025-08-31,EQ019,96.5726,EUR
2025-09-30,EQ019,95.8327,EUR
2025-10-31,EQ019,104.0833,EUR
2025-11-30,EQ019,101.2088,EUR
2025-12-31,EQ019,95.92,EUR
2026-01-31,EQ019,89.1311,EUR
2026-02-28,EQ019,83.5015,EUR
2026-03-31,EQ019,85.3763,EUR
2026-04-30,EQ019,93.6657,EUR
2026-05-31,EQ019,96.2526,EUR
2026-06-30,EQ019,97.9373,EUR
2023-07-31,EQ020,116.49,JPY
2023-08-31,EQ020,131.2668,JPY
2023-09-30,EQ020,128.0417,JPY
2023-10-31,EQ020,123.8069,JPY
2023-11-30,EQ020,127.9006,JPY
2023-12-31,EQ020,132.2709,JPY
2024-01-31,EQ020,125.4179,JPY
2024-02-29,EQ020,117.8491,JPY
2024-03-31,EQ020,120.2068,JPY
2024-04-30,EQ020,122.3233,JPY
2024-05-31,EQ020,114.0202,JPY
2024-06-30,EQ020,113.208,JPY
2024-07-31,EQ020,110.282,JPY
2024-08-31,EQ020,113.5136,JPY
2024-09-30,EQ020,113.2387,JPY
2024-10-31,EQ020,113.1558,JPY
2024-11-30,EQ020,111.4085,JPY
2024-12-31,EQ020,118.3097,JPY
2025-01-31,EQ020,127.8327,JPY
2025-02-28,EQ020,125.7639,JPY
2025-03-31,EQ020,132.1195,JPY
2025-04-30,EQ020,127.1428,JPY
2025-05-31,EQ020,128.1547,JPY
2025-06-30,EQ020,133.953,JPY
2025-07-31,EQ020,145.6447,JPY
2025-08-31,EQ020,143.1628,JPY
2025-09-30,EQ020,143.1523,JPY
2025-10-31,EQ020,145.2712,JPY
2025-11-30,EQ020,133.8826,JPY
2025-12-31,EQ020,134.5352,JPY
2026-01-31,EQ020,130.0722,JPY
2026-02-28,EQ020,133.2501,JPY
2026-03-31,EQ020,125.5018,JPY
2026-04-30,EQ020,112.3583,JPY
2026-05-31,EQ020,113.0443,JPY
2026-06-30,EQ020,115.1168,JPY
2023-07-31,CB001,99.16,EUR
2023-08-31,CB001,98.5961,EUR
2023-09-30,CB001,99.7364,EUR
2023-10-31,CB001,99.4993,EUR
2023-11-30,CB001,98.8656,EUR
2023-12-31,CB001,99.5214,EUR
2024-01-31,CB001,97.7381,EUR
2024-02-29,CB001,97.0315,EUR
2024-03-31,CB001,97.0947,EUR
2024-04-30,CB001,98.1711,EUR
2024-05-31,CB001,98.0678,EUR
2024-06-30,CB001,98.5191,EUR
2024-07-31,CB001,97.8328,EUR
2024-08-31,CB001,98.2751,EUR
2024-09-30,CB001,100.3252,EUR
2024-10-31,CB001,99.5892,EUR
2024-11-30,CB001,102.5066,EUR
2024-12-31,CB001,101.8069,EUR
2025-01-31,CB001,101.9195,EUR
2025-02-28,CB001,102.2232,EUR
2025-03-31,CB001,103.5717,EUR
2025-04-30,CB001,102.1274,EUR
2025-05-31,CB001,99.6451,EUR
2025-06-30,CB001,100.4594,EUR
2025-07-31,CB001,101.5087,EUR
2025-08-31,CB001,102.3598,EUR
2025-09-30,CB001,105.683,EUR
2025-10-31,CB001,106.038,EUR
2025-11-30,CB001,106.4565,EUR
2025-12-31,CB001,107.7394,EUR
2026-01-31,CB001,108.3132,EUR
2026-02-28,CB001,110.5731,EUR
2026-03-31,CB001,109.0296,EUR
2026-04-30,CB001,108.6366,EUR
2026-05-31,CB001,104.2437,EUR
2026-06-30,CB001,105.3538,EUR
2023-07-31,CB002,103.88,JPY
2023-08-31,CB002,103.5093,JPY
2023-09-30,CB002,104.7501,JPY
2023-10-31,CB002,107.5521,JPY
2023-11-30,CB002,107.6413,JPY
2023-12-31,CB002,107.4094,JPY
2024-01-31,CB002,106.8622,JPY
2024-02-29,CB002,105.8839,JPY
2024-03-31,CB002,105.1782,JPY
2024-04-30,CB002,106.0797,JPY
2024-05-31,CB002,106.2221,JPY
2024-06-30,CB002,106.4022,JPY
2024-07-31,CB002,106.2767,JPY
2024-08-31,CB002,107.5385,JPY
2024-09-30,CB002,108.2727,JPY
2024-10-31,CB002,108.1859,JPY
2024-11-30,CB002,109.1463,JPY
2024-12-31,CB002,109.0457,JPY
2025-01-31,CB002,107.6352,JPY
2025-02-28,CB002,109.6118,JPY
2025-03-31,CB002,,JPY
2025-04-30,CB002,109.1545,JPY
2025-05-31,CB002,110.6658,JPY
2025-06-30,CB002,111.2235,JPY
2025-07-31,CB002,109.2357,JPY
2025-08-31,CB002,111.4444,JPY
2025-09-30,CB002,111.9907,JPY
2025-10-31,CB002,113.2895,JPY
2025-11-30,CB002,113.6604,JPY
2025-12-31,CB002,113.5587,JPY
2026-01-31,CB002,111.5512,JPY
2026-02-28,CB002,112.9522,JPY
2026-03-31,CB002,113.0947,JPY
2026-04-30,CB002,112.8076,JPY
2026-05-31,CB002,113.3842,JPY
2026-06-30,CB002,113.5925,JPY
2023-07-31,CB003,104.59,USD
2023-08-31,CB003,105.5321,USD
2023-09-30,CB003,105.1573,USD
2023-10-31,CB003,105.2059,USD
2023-11-30,CB003,102.6002,USD
2023-12-31,CB003,102.1714,USD
2024-01-31,CB003,103.0918,USD
2024-02-29,CB003,104.8383,USD
2024-03-31,CB003,104.4747,USD
2024-04-30,CB003,104.4166,USD
2024-05-31,CB003,106.4946,USD
2024-06-30,CB003,106.1741,USD
2024-07-31,CB003,107.2049,USD
2024-08-31,CB003,109.4605,USD
2024-09-30,CB003,109.6112,USD
2024-10-31,CB003,111.3237,USD
2024-11-30,CB003,110.4747,USD
2024-12-31,CB003,110.8495,USD
2025-01-31,CB003,110.8464,USD
2025-02-28,CB003,111.099,USD
2025-03-31,CB003,112.7051,USD
2025-04-30,CB003,116.0387,USD
2025-05-31,CB003,115.2165,USD
2025-06-30,CB003,114.525,USD
2025-07-31,CB003,115.3117,USD
2025-08-31,CB003,113.9554,USD
2025-09-30,CB003,114.7376,USD
2025-10-31,CB003,115.6283,USD
2025-11-30,CB003,115.3473,USD
2025-12-31,CB003,116.1864,USD
2026-01-31,CB003,114.1308,USD
2026-02-28,CB003,115.2743,USD
2026-03-31,CB003,113.2411,USD
2026-04-30,CB003,112.3966,USD
2026-05-31,CB003,111.7476,USD
2026-06-30,CB003,111.3102,USD
2023-07-31,CB004,99.08,EUR
2023-08-31,CB004,100.1902,EUR
2023-09-30,CB004,100.3786,EUR
2023-10-31,CB004,99.9902,EUR
2023-11-30,CB004,100.7323,EUR
2023-12-31,CB004,102.7344,EUR
2024-01-31,CB004,102.8344,EUR
2024-02-29,CB004,103.3784,EUR
2024-03-31,CB004,105.0093,EUR
2024-04-30,CB004,105.4413,EUR
2024-05-31,CB004,103.9118,EUR
2024-06-30,CB004,107.1105,EUR
2024-07-31,CB004,110.0454,EUR
2024-08-31,CB004,107.5233,EUR
2024-09-30,CB004,107.5696,EUR
2024-10-31,CB004,108.205,EUR
2024-11-30,CB004,109.5564,EUR
2024-12-31,CB004,110.5345,EUR
2025-01-31,CB004,110.273,EUR
2025-02-28,CB004,108.9777,EUR
2025-03-31,CB004,109.2104,EUR
2025-04-30,CB004,110.663,EUR
2025-05-31,CB004,109.3157,EUR
2025-06-30,CB004,108.0666,EUR
2025-07-31,CB004,108.1319,EUR
2025-08-31,CB004,105.7152,EUR
2025-09-30,CB004,105.4801,EUR
2025-10-31,CB004,105.0225,EUR
2025-11-30,CB004,105.6851,EUR
2025-12-31,CB004,104.8902,EUR
2026-01-31,CB004,103.8743,EUR
2026-02-28,CB004,103.4765,EUR
2026-03-31,CB004,103.5076,EUR
2026-04-30,CB004,102.7752,EUR
2026-05-31,CB004,102.8826,EUR
2026-06-30,CB004,103.9014,EUR
2023-07-31,CB005,94.08,JPY
2023-08-31,CB005,95.5026,JPY
2023-09-30,CB005,97.5425,JPY
2023-10-31,CB005,96.7132,JPY
2023-11-30,CB005,96.313,JPY
2023-12-31,CB005,93.5301,JPY
2024-01-31,CB005,95.746,JPY
2024-02-29,CB005,94.9996,JPY
2024-03-31,CB005,95.047,JPY
2024-04-30,CB005,95.7286,JPY
2024-05-31,CB005,94.2541,JPY
2024-06-30,CB005,94.8636,JPY
2024-07-31,CB005,94.919,JPY
2024-08-31,CB005,92.9245,JPY
2024-09-30,CB005,93.3337,JPY
2024-10-31,CB005,94.7556,JPY
2024-11-30,CB005,92.7171,JPY
2024-12-31,CB005,93.6986,JPY
2025-01-31,CB005,94.0182,JPY
2025-02-28,CB005,94.6385,JPY
2025-03-31,CB005,95.2251,JPY
2025-04-30,CB005,96.8008,JPY
2025-05-31,CB005,96.6281,JPY
2025-06-30,CB005,97.7281,JPY
2025-07-31,CB005,97.3353,JPY
2025-08-31,CB005,98.2732,JPY
2025-09-30,CB005,97.4017,JPY
2025-10-31,CB005,97.3627,JPY
2025-11-30,CB005,99.4728,JPY
2025-12-31,CB005,100.0942,JPY
2026-01-31,CB005,99.9943,JPY
2026-02-28,CB005,98.7106,JPY
2026-03-31,CB005,97.8635,JPY
2026-04-30,CB005,98.179,JPY
2026-05-31,CB005,99.3741,JPY
2026-06-30,CB005,99.9716,JPY
2023-07-31,CB006,98.15,USD
2023-08-31,CB006,98.8557,USD
2023-09-30,CB006,98.8951,USD
2023-10-31,CB006,100.5886,USD
2023-11-30,CB006,100.2074,USD
2023-12-31,CB006,99.6366,USD
2024-01-31,CB006,100.7881,USD
2024-02-29,CB006,100.9557,USD
2024-03-31,CB006,100.7091,USD
2024-04-30,CB006,100.1035,USD
2024-05-31,CB006,99.885,USD
2024-06-30,CB006,100.7224,USD
2024-07-31,CB006,101.2406,USD
2024-08-31,CB006,99.8621,USD
2024-09-30,CB006,100.4629,USD
2024-10-31,CB006,100.7691,USD
2024-11-30,CB006,99.6504,USD
2024-12-31,CB006,100.6642,USD
2025-01-31,CB006,100.4161,USD
2025-02-28,CB006,100.1023,USD
2025-03-31,CB006,101.1483,USD
2025-04-30,CB006,102.8424,USD
2025-05-31,CB006,102.0851,USD
2025-06-30,CB006,102.7139,USD
2025-07-31,CB006,101.7265,USD
2025-08-31,CB006,104.6431,USD
2025-09-30,CB006,104.1173,USD
2025-10-31,CB006,105.704,USD
2025-11-30,CB006,104.9781,USD
2025-12-31,CB006,106.0946,USD
2026-01-31,CB006,109.015,USD
2026-02-28,CB006,105.789,USD
2026-03-31,CB006,105.3327,USD
2026-04-30,CB006,106.0601,USD
2026-05-31,CB006,106.0374,USD
2026-06-30,CB006,105.2822,USD
2023-07-31,CB007,94.11,EUR
2023-08-31,CB007,96.6252,EUR
2023-09-30,CB007,96.8043,EUR
2023-10-31,CB007,94.9812,EUR
2023-11-30,CB007,96.0402,EUR
2023-12-31,CB007,94.1425,EUR
2024-01-31,CB007,95.5274,EUR
2024-02-29,CB007,94.951,EUR
2024-03-31,CB007,95.2015,EUR
2024-04-30,CB007,96.7278,EUR
2024-05-31,CB007,96.9516,EUR
2024-06-30,CB007,95.4205,EUR
2024-07-31,CB007,93.5644,EUR
2024-08-31,CB007,94.9764,EUR
2024-09-30,CB007,95.9058,EUR
2024-10-31,CB007,95.0533,EUR
2024-11-30,CB007,96.1192,EUR
2024-12-31,CB007,96.7786,EUR
2025-01-31,CB007,97.6179,EUR
2025-02-28,CB007,95.0596,EUR
2025-03-31,CB007,94.8006,EUR
2025-04-30,CB007,95.9102,EUR
2025-05-31,CB007,96.8407,EUR
2025-06-30,CB007,97.9521,EUR
2025-07-31,CB007,95.1519,EUR
2025-08-31,CB007,95.4306,EUR
2025-09-30,CB007,96.0801,EUR
2025-10-31,CB007,99.1089,EUR
2025-11-30,CB007,98.0638,EUR
2025-12-31,CB007,97.7646,EUR
2026-01-31,CB007,97.8946,EUR
2026-02-28,CB007,99.0237,EUR
2026-03-31,CB007,98.586,EUR
2026-04-30,CB007,100.0319,EUR
2026-05-31,CB007,99.1762,EUR
2026-06-30,CB007,99.583,EUR
2023-07-31,CB008,94.41,JPY
2023-08-31,CB008,93.8975,JPY
2023-09-30,CB008,94.1602,JPY
2023-10-31,CB008,93.4644,JPY
2023-11-30,CB008,91.757,JPY
2023-12-31,CB008,93.0432,JPY
2024-01-31,CB008,93.4657,JPY
2024-02-29,CB008,92.9233,JPY
2024-03-31,CB008,93.2309,JPY
2024-04-30,CB008,94.4226,JPY
2024-05-31,CB008,93.4,JPY
2024-06-30,CB008,93.3604,JPY
2024-07-31,CB008,94.0485,JPY
2024-08-31,CB008,94.7269,JPY
2024-09-30,CB008,94.431,JPY
2024-10-31,CB008,92.1285,JPY
2024-11-30,CB008,93.5855,JPY
2024-12-31,CB008,94.0384,JPY
2025-01-31,CB008,94.1378,JPY
2025-02-28,CB008,93.9079,JPY
2025-03-31,CB008,94.2892,JPY
2025-04-30,CB008,93.8925,JPY
2025-05-31,CB008,92.8225,JPY
2025-06-30,CB008,92.082,JPY
2025-07-31,CB008,91.5054,JPY
2025-08-31,CB008,90.9154,JPY
2025-09-30,CB008,89.733,JPY
2025-10-31,CB008,90.499,JPY
2025-11-30,CB008,89.158,JPY
2025-12-31,CB008,89.9441,JPY
2026-01-31,CB008,88.9299,JPY
2026-02-28,CB008,89.3861,JPY
2026-03-31,CB008,90.9404,JPY
2026-04-30,CB008,91.244,JPY
2026-05-31,CB008,90.526,JPY
2026-06-30,CB008,90.6599,JPY
2023-07-31,CB009,95.81,USD
2023-08-31,CB009,96.0665,USD
2023-09-30,CB009,94.1543,USD
2023-10-31,CB009,93.5524,USD
2023-11-30,CB009,93.8196,USD
2023-12-31,CB009,93.3758,USD
2024-01-31,CB009,93.5492,USD
2024-02-29,CB009,94.4573,USD
2024-03-31,CB009,95.4112,USD
2024-04-30,CB009,96.534,USD
2024-05-31,CB009,97.3027,USD
2024-06-30,CB009,97.0541,USD
2024-07-31,CB009,97.12,USD
2024-08-31,CB009,96.8914,USD
2024-09-30,CB009,96.6144,USD
2024-10-31,CB009,96.493,USD
2024-11-30,CB009,94.5828,USD
2024-12-31,CB009,94.2898,USD
2025-01-31,CB009,94.3474,USD
2025-02-28,CB009,93.3296,USD
2025-03-31,CB009,93.3867,USD
2025-04-30,CB009,94.0485,USD
2025-05-31,CB009,93.9476,USD
2025-06-30,CB009,96.3733,USD
2025-07-31,CB009,93.4457,USD
2025-08-31,CB009,93.2984,USD
2025-09-30,CB009,91.3387,USD
2025-10-31,CB009,92.495,USD
2025-11-30,CB009,95.5242,USD
2025-12-31,CB009,92.7421,USD
2026-01-31,CB009,92.968,USD
2026-02-28,CB009,93.6307,USD
2026-03-31,CB009,93.3752,USD
2026-04-30,CB009,94.0774,USD
2026-05-31,CB009,91.6299,USD
2026-06-30,CB009,92.6492,USD
2023-07-31,CB010,98.35,EUR
2023-08-31,CB010,98.8775,EUR
2023-09-30,CB010,98.9936,EUR
2023-10-31,CB010,98.3847,EUR
2023-11-30,CB010,99.2269,EUR
2023-12-31,CB010,98.7383,EUR
2024-01-31,CB010,99.0915,EUR
2024-02-29,CB010,98.5742,EUR
2024-03-31,CB010,96.0051,EUR
2024-04-30,CB010,96.0555,EUR
2024-05-31,CB010,96.375,EUR
2024-06-30,CB010,97.3342,EUR
2024-07-31,CB010,96.3985,EUR
2024-08-31,CB010,96.447,EUR
2024-09-30,CB010,97.2481,EUR
2024-10-31,CB010,97.5053,EUR
2024-11-30,CB010,99.0468,EUR
2024-12-31,CB010,101.5032,EUR
2025-01-31,CB010,100.4878,EUR
2025-02-28,CB010,98.2619,EUR
2025-03-31,CB010,99.3604,EUR
2025-04-30,CB010,101.2734,EUR
2025-05-31,CB010,102.4854,EUR
2025-06-30,CB010,103.5786,EUR
2025-07-31,CB010,102.9029,EUR
2025-08-31,CB010,102.1144,EUR
2025-09-30,CB010,103.2949,EUR
2025-10-31,CB010,102.258,EUR
2025-11-30,CB010,100.1249,EUR
2025-12-31,CB010,99.0165,EUR
2026-01-31,CB010,102.0669,EUR
2026-02-28,CB010,104.5145,EUR
2026-03-31,CB010,103.7476,EUR
2026-04-30,CB010,102.9335,EUR
2026-05-31,CB010,103.312,EUR
2026-06-30,CB010,102.4759,EUR
2023-07-31,CB011,99.98,JPY
2023-08-31,CB011,101.6418,JPY
2023-09-30,CB011,101.6377,JPY
2023-10-31,CB011,100.4043,JPY
2023-11-30,CB011,102.0717,JPY
2023-12-31,CB011,101.4493,JPY
2024-01-31,CB011,101.81,JPY
2024-02-29,CB011,101.8861,JPY
2024-03-31,CB011,101.5935,JPY
2024-04-30,CB011,102.081,JPY
2024-05-31,CB011,101.3246,JPY
2024-06-30,CB011,99.1731,JPY
2024-07-31,CB011,96.6347,JPY
2024-08-31,CB011,95.2529,JPY
2024-09-30,CB011,94.4717,JPY
2024-10-31,CB011,94.5307,JPY
2024-11-30,CB011,94.6785,JPY
2024-12-31,CB011,95.3955,JPY
2025-01-31,CB011,95.6185,JPY
2025-02-28,CB011,94.7942,JPY
2025-03-31,CB011,94.0731,JPY
2025-04-30,CB011,91.7659,JPY
2025-05-31,CB011,91.6622,JPY
2025-06-30,CB011,92.278,JPY
2025-07-31,CB011,92.9476,JPY
2025-08-31,CB011,92.8958,JPY
2025-09-30,CB011,92.7853,JPY
2025-10-31,CB011,93.9113,JPY
2025-11-30,CB011,94.0131,JPY
2025-12-31,CB011,94.9301,JPY
2026-01-31,CB011,95.6791,JPY
2026-02-28,CB011,96.01,JPY
2026-03-31,CB011,97.6015,JPY
2026-04-30,CB011,97.0186,JPY
2026-05-31,CB011,96.6881,JPY
2026-06-30,CB011,95.8377,JPY
2023-07-31,CB012,104.44,USD
2023-08-31,CB012,103.5349,USD
2023-09-30,CB012,105.5613,USD
2023-10-31,CB012,107.8849,USD
2023-11-30,CB012,108.0116,USD
2023-12-31,CB012,108.8453,USD
2024-01-31,CB012,110.4784,USD
2024-02-29,CB012,111.6484,USD
2024-03-31,CB012,113.3638,USD
2024-04-30,CB012,111.7477,USD
2024-05-31,CB012,110.9909,USD
2024-06-30,CB012,111.6936,USD
2024-07-31,CB012,113.718,USD
2024-08-31,CB012,113.9621,USD
2024-09-30,CB012,112.8907,USD
2024-10-31,CB012,112.512,USD
2024-11-30,CB012,111.7214,USD
2024-12-31,CB012,110.6712,USD
2025-01-31,CB012,112.7645,USD
2025-02-28,CB012,112.0194,USD
2025-03-31,CB012,112.1477,USD
2025-04-30,CB012,115.1588,USD
2025-05-31,CB012,116.8996,USD
2025-06-30,CB012,117.4763,USD
2025-07-31,CB012,116.7195,USD
2025-08-31,CB012,117.3992,USD
2025-09-30,CB012,119.7895,USD
2025-10-31,CB012,120.7929,USD
2025-11-30,CB012,122.7302,USD
2025-12-31,CB012,122.9852,USD
2026-01-31,CB012,123.8578,USD
2026-02-28,CB012,123.6706,USD
2026-03-31,CB012,124.4154,USD
2026-04-30,CB012,126.4689,USD
2026-05-31,CB012,124.4108,USD
2026-06-30,CB012,124.4295,USD
2023-07-31,GB001,96.05,USD
2023-08-31,GB001,96.3441,USD
2023-09-30,GB001,95.9357,USD
2023-10-31,GB001,95.756,USD
2023-11-30,GB001,96.5204,USD
2023-12-31,GB001,98.3461,USD
2024-01-31,GB001,98.9917,USD
2024-02-29,GB001,99.3713,USD
2024-03-31,GB001,98.0732,USD
2024-04-30,GB001,99.8629,USD
2024-05-31,GB001,100.0219,USD
2024-06-30,GB001,100.0815,USD
2024-07-31,GB001,99.1642,USD
2024-08-31,GB001,99.2027,USD
2024-09-30,GB001,98.3133,USD
2024-10-31,GB001,98.4646,USD
2024-11-30,GB001,98.9665,USD
2024-12-31,GB001,99.0834,USD
2025-01-31,GB001,99.4219,USD
2025-02-28,GB001,98.7492,USD
2025-03-31,GB001,100.1088,USD
2025-04-30,GB001,99.6103,USD
2025-05-31,GB001,98.0699,USD
2025-06-30,GB001,97.9926,USD
2025-07-31,GB001,97.4073,USD
2025-08-31,GB001,96.6097,USD
2025-09-30,GB001,96.3881,USD
2025-10-31,GB001,96.7274,USD
2025-11-30,GB001,95.7857,USD
2025-12-31,GB001,95.7533,USD
2026-01-31,GB001,97.069,USD
2026-02-28,GB001,97.7528,USD
2026-03-31,GB001,97.7071,USD
2026-04-30,GB001,97.9074,USD
2026-05-31,GB001,97.8898,USD
2026-06-30,GB001,97.9358,USD
2023-07-31,GB002,98.77,EUR
2023-08-31,GB002,99.5099,EUR
2023-09-30,GB002,99.5166,EUR
2023-10-31,GB002,97.4527,EUR
2023-11-30,GB002,97.5215,EUR
2023-12-31,GB002,96.8286,EUR
2024-01-31,GB002,97.4833,EUR
2024-02-29,GB002,97.0355,EUR
2024-03-31,GB002,97.2525,EUR
2024-04-30,GB002,99.2457,EUR
2024-05-31,GB002,98.4,EUR
2024-06-30,GB002,97.4925,EUR
2024-07-31,GB002,96.3418,EUR
2024-08-31,GB002,94.3519,EUR
2024-09-30,GB002,92.8417,EUR
2024-10-31,GB002,93.2299,EUR
2024-11-30,GB002,92.7784,EUR
2024-12-31,GB002,91.302,EUR
2025-01-31,GB002,90.1658,EUR
2025-02-28,GB002,90.7479,EUR
2025-03-31,GB002,90.1964,EUR
2025-04-30,GB002,89.9798,EUR
2025-05-31,GB002,90.3284,EUR
2025-06-30,GB002,91.5123,EUR
2025-07-31,GB002,93.1934,EUR
2025-08-31,GB002,94.1432,EUR
2025-09-30,GB002,94.3496,EUR
2025-10-31,GB002,94.5909,EUR
2025-11-30,GB002,96.2102,EUR
2025-12-31,GB002,97.5338,EUR
2026-01-31,GB002,97.3491,EUR
2026-02-28,GB002,97.8377,EUR
2026-03-31,GB002,98.1784,EUR
2026-04-30,GB002,98.3131,EUR
2026-05-31,GB002,97.9591,EUR
2026-06-30,GB002,96.8778,EUR
2023-07-31,GB003,102.71,GBP
2023-08-31,GB003,102.3088,GBP
2023-09-30,GB003,100.9791,GBP
2023-10-31,GB003,102.1821,GBP
2023-11-30,GB003,102.7675,GBP
2023-12-31,GB003,101.7446,GBP
2024-01-31,GB003,103.1143,GBP
2024-02-29,GB003,104.0347,GBP
2024-03-31,GB003,102.3413,GBP
2024-04-30,GB003,104.1295,GBP
2024-05-31,GB003,104.9822,GBP
2024-06-30,GB003,107.027,GBP
2024-07-31,GB003,105.9375,GBP
2024-08-31,GB003,106.5388,GBP
2024-09-30,GB003,107.0403,GBP
2024-10-31,GB003,107.3311,GBP
2024-11-30,GB003,107.5931,GBP
2024-12-31,GB003,108.71,GBP
2025-01-31,GB003,107.3457,GBP
2025-02-28,GB003,106.2423,GBP
2025-03-31,GB003,105.0048,GBP
2025-04-30,GB003,104.5723,GBP
2025-05-31,GB003,104.0966,GBP
2025-06-30,GB003,104.5344,GBP
2025-07-31,GB003,104.8792,GBP
2025-08-31,GB003,105.0032,GBP
2025-09-30,GB003,104.4583,GBP
2025-10-31,GB003,104.1368,GBP
2025-11-30,GB003,105.1232,GBP
2025-12-31,GB003,105.9403,GBP
2026-01-31,GB003,106.1319,GBP
2026-02-28,GB003,105.9193,GBP
2026-03-31,GB003,107.4951,GBP
2026-04-30,GB003,107.017,GBP
2026-05-31,GB003,107.7381,GBP
2026-06-30,GB003,108.9536,GBP
2023-07-31,GB004,102.2,JPY
2023-08-31,GB004,102.0478,JPY
2023-09-30,GB004,102.8977,JPY
2023-10-31,GB004,101.9571,JPY
2023-11-30,GB004,102.9781,JPY
2023-12-31,GB004,103.2558,JPY
2024-01-31,GB004,101.8742,JPY
2024-02-29,GB004,102.5797,JPY
2024-03-31,GB004,101.8483,JPY
2024-04-30,GB004,103.1149,JPY
2024-05-31,GB004,102.5776,JPY
2024-06-30,GB004,102.5179,JPY
2024-07-31,GB004,102.8712,JPY
2024-08-31,GB004,102.656,JPY
2024-09-30,GB004,102.9882,JPY
2024-10-31,GB004,102.5681,JPY
2024-11-30,GB004,103.2805,JPY
2024-12-31,GB004,103.3786,JPY
2025-01-31,GB004,103.668,JPY
2025-02-28,GB004,101.1931,JPY
2025-03-31,GB004,102.342,JPY
2025-04-30,GB004,102.4634,JPY
2025-05-31,GB004,100.9117,JPY
2025-06-30,GB004,101.0893,JPY
2025-07-31,GB004,101.6053,JPY
2025-08-31,GB004,102.6759,JPY
2025-09-30,GB004,101.7677,JPY
2025-10-31,GB004,103.2763,JPY
2025-11-30,GB004,103.2211,JPY
2025-12-31,GB004,105.5387,JPY
2026-01-31,GB004,105.4948,JPY
2026-02-28,GB004,106.2351,JPY
2026-03-31,GB004,105.9802,JPY
2026-04-30,GB004,105.0112,JPY
2026-05-31,GB004,106.1422,JPY
2026-06-30,GB004,107.1035,JPY
2023-07-31,GB005,97.12,USD
2023-08-31,GB005,98.5522,USD
2023-09-30,GB005,99.401,USD
2023-10-31,GB005,98.9777,USD
2023-11-30,GB005,97.5859,USD
2023-12-31,GB005,97.1023,USD
2024-01-31,GB005,96.5998,USD
2024-02-29,GB005,95.978,USD
2024-03-31,GB005,96.5674,USD
2024-04-30,GB005,96.9392,USD
2024-05-31,GB005,96.7911,USD
2024-06-30,GB005,97.0286,USD
2024-07-31,GB005,96.9887,USD
2024-08-31,GB005,97.2618,USD
2024-09-30,GB005,98.0076,USD
2024-10-31,GB005,98.9421,USD
2024-11-30,GB005,98.4204,USD
2024-12-31,GB005,97.1742,USD
2025-01-31,GB005,98.5101,USD
2025-02-28,GB005,98.7002,USD
2025-03-31,GB005,99.7713,USD
2025-04-30,GB005,98.3857,USD
2025-05-31,GB005,98.182,USD
2025-06-30,GB005,98.2943,USD
2025-07-31,GB005,97.1076,USD
2025-08-31,GB005,96.7441,USD
2025-09-30,GB005,97.4619,USD
2025-10-31,GB005,98.4957,USD
2025-11-30,GB005,99.9975,USD
2025-12-31,GB005,99.3102,USD
2026-01-31,GB005,98.1471,USD
2026-02-28,GB005,98.6952,USD
2026-03-31,GB005,99.6194,USD
2026-04-30,GB005,99.8821,USD
2026-05-31,GB005,98.8021,USD
2026-06-30,GB005,99.5865,USD
2023-07-31,GB006,101.91,EUR
2023-08-31,GB006,102.7287,EUR
2023-09-30,GB006,103.3327,EUR
2023-10-31,GB006,102.9727,EUR
2023-11-30,GB006,103.3472,EUR
2023-12-31,GB006,104.1757,EUR
2024-01-31,GB006,103.7455,EUR
2024-02-29,GB006,102.1174,EUR
2024-03-31,GB006,102.5113,EUR
2024-04-30,GB006,103.0472,EUR
2024-05-31,GB006,103.1525,EUR
2024-06-30,GB006,104.0707,EUR
2024-07-31,GB006,103.6149,EUR
2024-08-31,GB006,103.6315,EUR
2024-09-30,GB006,103.4401,EUR
2024-10-31,GB006,104.0651,EUR
2024-11-30,GB006,105.6533,EUR
2024-12-31,GB006,105.5095,EUR
2025-01-31,GB006,107.5559,EUR
2025-02-28,GB006,109.1327,EUR
2025-03-31,GB006,110.0075,EUR
2025-04-30,GB006,110.6877,EUR
2025-05-31,GB006,112.5514,EUR
2025-06-30,GB006,112.4699,EUR
2025-07-31,GB006,112.4578,EUR
2025-08-31,GB006,111.4835,EUR
2025-09-30,GB006,112.0583,EUR
2025-10-31,GB006,113.5154,EUR
2025-11-30,GB006,114.1615,EUR
2025-12-31,GB006,114.699,EUR
2026-01-31,GB006,114.595,EUR
2026-02-28,GB006,114.8731,EUR
2026-03-31,GB006,113.5031,EUR
2026-04-30,GB006,114.6767,EUR
2026-05-31,GB006,114.3568,EUR
2026-06-30,GB006,113.3228,EUR
2023-07-31,GB007,103.12,USD
2023-08-31,GB007,102.5154,USD
2023-09-30,GB007,101.8469,USD
2023-10-31,GB007,102.7225,USD
2023-11-30,GB007,103.7933,USD
2023-12-31,GB007,102.6184,USD
2024-01-31,GB007,103.5662,USD
2024-02-29,GB007,104.4872,USD
2024-03-31,GB007,104.0364,USD
2024-04-30,GB007,102.7382,USD
2024-05-31,GB007,102.1414,USD
2024-06-30,GB007,101.6507,USD
2024-07-31,GB007,102.0555,USD
2024-08-31,GB007,101.8188,USD
2024-09-30,GB007,100.0518,USD
2024-10-31,GB007,100.3522,USD
2024-11-30,GB007,99.0568,USD
2024-12-31,GB007,99.9532,USD
2025-01-31,GB007,98.9575,USD
2025-02-28,GB007,98.4295,USD
2025-03-31,GB007,97.7613,USD
2025-04-30,GB007,97.3719,USD
2025-05-31,GB007,98.597,USD
2025-06-30,GB007,99.4418,USD
2025-07-31,GB007,100.0699,USD
2025-08-31,GB007,100.4475,USD
2025-09-30,GB007,99.1386,USD
2025-10-31,GB007,98.7633,USD
2025-11-30,GB007,98.3618,USD
2025-12-31,GB007,97.585,USD
2026-01-31,GB007,98.1199,USD
2026-02-28,GB007,97.5538,USD
2026-03-31,GB007,97.0184,USD
2026-04-30,GB007,96.1938,USD
2026-05-31,GB007,94.499,USD
2026-06-30,GB007,95.0903,USD
2023-07-31,CASH,100.0,USD
2023-08-31,CASH,100.0,USD
2023-09-30,CASH,100.0,USD
2023-10-31,CASH,100.0,USD
2023-11-30,CASH,100.0,USD
2023-12-31,CASH,100.0,USD
2024-01-31,CASH,100.0,USD
2024-02-29,CASH,100.0,USD
2024-03-31,CASH,100.0,USD
2024-04-30,CASH,100.0,USD
2024-05-31,CASH,100.0,USD
2024-06-30,CASH,100.0,USD
2024-07-31,CASH,100.0,USD
2024-08-31,CASH,100.0,USD
2024-09-30,CASH,100.0,USD
2024-10-31,CASH,100.0,USD
2024-11-30,CASH,100.0,USD
2024-12-31,CASH,100.0,USD
2025-01-31,CASH,100.0,USD
2025-02-28,CASH,100.0,USD
2025-03-31,CASH,100.0,USD
2025-04-30,CASH,100.0,USD
2025-05-31,CASH,100.0,USD
2025-06-30,CASH,100.0,USD
2025-07-31,CASH,100.0,USD
2025-08-31,CASH,100.0,USD
2025-09-30,CASH,100.0,USD
2025-10-31,CASH,100.0,USD
2025-11-30,CASH,100.0,USD
2025-12-31,CASH,100.0,USD
2026-01-31,CASH,100.0,USD
2026-02-28,CASH,100.0,USD
2026-03-31,CASH,100.0,USD
2026-04-30,CASH,100.0,USD
2026-05-31,CASH,100.0,USD
2026-06-30,CASH,100.0,USD
